Jour,Climat
1,Soleil
2,Soleil
3,Soleil
4,Soleil
5,Soleil
6,Pluie
7,Soleil
8,Soleil
9,Nuage
10,Pluie
11,Soleil
12,Soleil
13,Soleil
14,Soleil
15,Soleil
16,Nuage
17,Soleil
18,Soleil
19,Soleil
20,Soleil
21,Soleil
22,Soleil
23,Pluie
24,Nuage-Pluie
25,Pluie
26,Nuage-Pluie
27,Pluie
28,Soleil
29,Soleil
30,Soleil
31,Soleil
32,Soleil
33,Pluie
34,Soleil
35,Nuage
36,Nuage
37,Soleil
38,Soleil
39,Pluie
40,Soleil
41,Soleil
42,Soleil
43,Soleil
44,Soleil
45,Nuage
46,Soleil
47,Soleil
48,Nuage
49,Soleil
50,Pluie
51,Soleil
52,Soleil
53,Soleil
54,Soleil
55,Soleil
56,Soleil
57,Soleil
58,Soleil
59,Soleil
60,Soleil
61,Soleil
62,Pluie
63,Nuage
64,Nuage
65,Soleil
66,Pluie
67,Pluie
68,Soleil
69,Soleil
70,Soleil
71,Nuage
72,Nuage
73,Nuage
74,Nuage
75,Nuage
76,Soleil
77,Soleil
78,Soleil
79,Soleil
80,Soleil
81,Nuage
82,Soleil
83,Soleil
84,Nuage
85,Soleil
86,Nuage
87,Nuage
88,Nuage
89,Nuage
90,Pluie
91,Soleil
92,Nuage
93,Nuage
94,Nuage
95,Soleil
96,Soleil
97,Soleil
98,Soleil
99,Nuage
100,Soleil
101,Soleil
102,Soleil
103,Soleil
104,Soleil
105,Pluie
106,Soleil
107,Soleil
108,Soleil
109,Soleil
110,Nuage
111,Nuage
112,Nuage
113,Soleil
114,Pluie
115,Soleil
116,Soleil
117,Soleil
118,Nuage
119,Nuage
120,Soleil
121,Soleil
122,Nuage
123,Soleil
124,Soleil
125,Pluie
126,Pluie
127,Pluie
128,Soleil
129,Orage
130,Nuage
131,Soleil
132,Nuage
133,Soleil
134,Nuage
135,Nuage
136,Soleil
137,Soleil
138,Soleil
139,Soleil
140,Nuage
141,Nuage
142,Soleil
143,Soleil
144,Soleil
145,Soleil
146,Soleil
147,Soleil
148,Soleil
149,Nuage
150,Nuage
151,Soleil
152,Soleil
153,Soleil
154,Soleil
155,Soleil
156,Soleil
157,Nuage
158,Nuage
159,Soleil
160,Soleil
161,Soleil
162,Soleil
163,Nuage
164,Nuage
165,Nuage
166,Soleil
167,Soleil
168,Nuage
169,Nuage
170,Nuage
171,Soleil
172,Soleil
173,Soleil
174,Soleil
175,Soleil
176,Nuage
177,Nuage
178,Nuage
179,Nuage
180,Nuage
181,Soleil
182,Nuage
183,Nuage
184,Nuage
185,Nuage
186,Soleil
187,Soleil
188,Soleil
189,Soleil
190,Nuage
191,Soleil
192,Nuage-Pluie
193,Nuage
194,Nuage
195,Soleil
196,Nuage
197,Soleil
198,Nuage
199,Nuage
200,Nuage
201,Soleil
202,Pluie
203,Nuage
204,Nuage
205,Nuage
206,Nuage
207,Nuage-Pluie
208,Soleil
209,Soleil
210,Nuage
211,Soleil
212,Soleil
213,Nuage
214,Nuage
215,Soleil
216,Soleil
217,Nuage
218,Nuage
219,Nuage
220,Soleil
221,Soleil
222,Soleil
223,Soleil
224,Nuage
225,Nuage
226,Nuage
227,Nuage
228,Nuage
229,Nuage
230,Nuage
231,Nuage
232,Nuage
233,Nuage
234,Soleil
235,Nuage
236,Nuage
237,Nuage
238,Nuage
239,Soleil
240,Nuage
241,Nuage
242,Nuage
243,Soleil
244,Soleil
245,Nuage
246,Soleil
247,Nuage
248,Nuage
249,Soleil
250,Soleil
251,Nuage
252,Nuage
253,Nuage
254,Soleil
255,Soleil
256,Nuage
257,Nuage
258,Soleil
259,Nuage
260,Nuage
261,Nuage
262,Nuage
263,Nuage
264,Soleil
265,Soleil
266,Soleil
267,Nuage
268,Soleil
269,Soleil
270,Soleil
271,Soleil
272,Soleil
273,Soleil
274,Nuage
275,Soleil
276,Nuage
277,Soleil
278,Soleil
279,Soleil
280,Soleil
281,Nuage
282,Pluie
283,Soleil
284,Soleil
285,Soleil
286,Soleil
287,Soleil
288,Soleil
289,Soleil
290,Soleil
291,Soleil
292,Nuage
293,Nuage
294,Nuage
295,Nuage
296,Soleil
297,Soleil
298,Nuage
299,Nuage
300,Nuage
301,Soleil
302,Soleil
303,Soleil
304,Soleil
305,Soleil
306,Soleil
307,Soleil
308,Soleil
309,Nuage
310,Soleil
311,Soleil
312,Nuage
313,Nuage
314,Soleil
315,Nuage
316,Nuage
317,Soleil
318,Soleil
319,Nuage
320,Soleil
321,Soleil
322,Nuage
323,Soleil
324,Pluie
325,Pluie
326,Pluie
327,Soleil
328,Soleil
329,Soleil
330,Soleil
331,Soleil
332,Soleil
333,Pluie
334,Soleil
335,Soleil
336,Soleil
337,Soleil
338,Soleil
339,Soleil
340,Soleil
341,Pluie
342,Soleil
343,Soleil
344,Soleil
345,Soleil
346,Nuage
347,Nuage
348,Soleil
349,Soleil
350,Soleil
351,Soleil
352,Soleil
353,Pluie
354,Soleil
355,Soleil
356,Soleil
357,Nuage
358,Soleil
359,Soleil
360,Soleil
361,Soleil
362,Soleil
363,Nuage
364,Nuage
365,Nuage